GROUP,PACKAGE,CLASS,INSTRUCTION_MISSED,INSTRUCTION_COVERED,BRANCH_MISSED,BRANCH_COVERED,LINE_MISSED,LINE_COVERED,COMPLEXITY_MISSED,COMPLEXITY_COVERED,METHOD_MISSED,METHOD_COVERED
onos-restconf-utils,org.onosproject.restconf.utils.parser.json,DefaultJsonBuilder.new Object() {...},68,0,0,0,1,0,1,0,1,0
onos-restconf-utils,org.onosproject.restconf.utils.parser.json,DefaultJsonBuilder,233,0,21,0,67,0,22,0,10,0
onos-restconf-utils,org.onosproject.restconf.utils.parser.json,YdtToJsonListener.new Object() {...},40,0,0,0,1,0,1,0,1,0
onos-restconf-utils,org.onosproject.restconf.utils.parser.json,DefaultJsonWalker,5,98,3,13,3,31,3,9,0,4
onos-restconf-utils,org.onosproject.restconf.utils.parser.json,JsonToYdtListener,26,197,7,24,5,58,7,16,0,6
onos-restconf-utils,org.onosproject.restconf.utils.parser.json,JsonToYdtListener.new Object() {...},9,59,0,0,0,1,0,1,0,1
onos-restconf-utils,org.onosproject.restconf.utils.parser.json,YdtToJsonListener,178,0,36,0,49,0,25,0,3,0
onos-restconf-utils,org.onosproject.restconf.utils.parser.json,ParserUtils,625,39,86,2,170,11,64,4,20,4
onos-restconf-utils,org.onosproject.restconf.utils.parser.api,NormalizedYangNode,0,15,0,0,0,6,0,3,0,3
onos-restconf-utils,org.onosproject.restconf.utils.exceptions,YdnParseException,9,0,0,0,4,0,2,0,2,0
onos-restconf-utils,org.onosproject.restconf.utils.exceptions,JsonParseException,9,0,0,0,4,0,2,0,2,0
onos-restconf-utils,org.onosproject.restconf.utils.exceptions,YdtParseException,9,0,0,0,4,0,2,0,2,0
